effect,sum_sq,df,F,PR(>F),partial_eta_sq,num_llm_agents,num_rule_agents
C(prompt),0.8214229040023447,3.0,238.15340019413873,3.9603729052124084e-45,0.8782976721797593,1,3
C(rule_policy),0.5283736085604627,2.0,229.78535935338715,6.3616964466339e-38,0.8227619230932677,1,3
C(seed),0.007305407859323501,9.0,0.706013801589796,0.7020648671610205,0.06031205955813174,1,3
C(prompt):C(rule_policy),0.8226781280663381,6.0,119.25866232224534,4.9814344749100645e-43,0.878460794193489,1,3
Residual,0.11382141010785582,99.0,,,,1,3
C(prompt),0.08914089031752633,3.0,37.252010999630656,3.3563209122095006e-16,0.5302625571789896,2,2
C(rule_policy),0.016668971259208545,2.0,10.448953872157077,7.63427333623541e-05,0.17429751809247215,2,2
C(seed),0.006894886207923618,9.0,0.960458497942077,0.47732567462873565,0.08030281599215733,2,2
C(prompt):C(rule_policy),1.5125616896246394,6.0,316.0500444790746,3.1937245918674844e-62,0.9503834076286275,2,2
Residual,0.07896619005367346,99.0,,,,2,2
C(prompt),0.21259750742412659,3.0,89.45715741384993,4.44265280303216e-28,0.7305179975027929,3,1
C(rule_policy),0.3121469633485641,2.0,197.01863188466635,3.0647480651052593e-35,0.7992038183014153,3,1
C(seed),0.03381601653475549,9.0,4.743054533598094,2.979220764900569e-05,0.30127917828625234,3,1
C(prompt):C(rule_policy),1.0170927783828816,6.0,213.98705441727552,2.3191473775110854e-54,0.9284124653260211,3,1
Residual,0.07842544909559121,99.0,,,,3,1
