prompt,rule,seed,move,eat,throw,move_prop,eat_prop,throw_prop
baseline,selfish,1,58,17,0,0.7733333333333333,0.22666666666666666,0.0
baseline,selfish,10,64,11,0,0.8533333333333334,0.14666666666666667,0.0
baseline,selfish,2,52,23,0,0.6933333333333334,0.30666666666666664,0.0
baseline,selfish,3,51,24,0,0.68,0.32,0.0
baseline,selfish,4,60,15,0,0.8,0.2,0.0
baseline,selfish,5,54,21,0,0.72,0.28,0.0
baseline,selfish,6,64,11,0,0.8533333333333334,0.14666666666666667,0.0
baseline,selfish,7,53,22,0,0.7066666666666667,0.29333333333333333,0.0
baseline,selfish,8,53,22,0,0.7066666666666667,0.29333333333333333,0.0
baseline,selfish,9,65,10,0,0.8666666666666667,0.13333333333333333,0.0
baseline,selfless,1,54,21,0,0.72,0.28,0.0
baseline,selfless,10,52,23,0,0.6933333333333334,0.30666666666666664,0.0
baseline,selfless,2,53,22,0,0.7066666666666667,0.29333333333333333,0.0
baseline,selfless,3,51,24,0,0.68,0.32,0.0
baseline,selfless,4,50,22,2,0.6666666666666666,0.29333333333333333,0.02666666666666667
baseline,selfless,5,51,24,0,0.68,0.32,0.0
baseline,selfless,6,53,22,0,0.7066666666666667,0.29333333333333333,0.0
baseline,selfless,7,54,21,0,0.72,0.28,0.0
baseline,selfless,8,54,20,1,0.72,0.26666666666666666,0.013333333333333334
baseline,selfless,9,47,28,0,0.6266666666666667,0.37333333333333335,0.0
baseline,utilitarian,1,47,28,0,0.6266666666666667,0.37333333333333335,0.0
baseline,utilitarian,10,56,19,0,0.7466666666666667,0.25333333333333335,0.0
baseline,utilitarian,2,53,22,0,0.7066666666666667,0.29333333333333333,0.0
baseline,utilitarian,3,52,21,1,0.6933333333333334,0.28,0.013333333333333334
baseline,utilitarian,4,53,22,0,0.7066666666666667,0.29333333333333333,0.0
baseline,utilitarian,5,56,19,0,0.7466666666666667,0.25333333333333335,0.0
baseline,utilitarian,6,47,26,2,0.6266666666666667,0.3466666666666667,0.02666666666666667
baseline,utilitarian,7,51,22,2,0.68,0.29333333333333333,0.02666666666666667
baseline,utilitarian,8,52,23,0,0.6933333333333334,0.30666666666666664,0.0
baseline,utilitarian,9,51,23,1,0.68,0.30666666666666664,0.013333333333333334
cooperative,selfish,1,51,15,9,0.68,0.2,0.12
cooperative,selfish,10,58,13,4,0.7733333333333333,0.17333333333333334,0.05333333333333334
cooperative,selfish,2,54,16,5,0.72,0.21333333333333335,0.06666666666666667
cooperative,selfish,3,54,17,4,0.72,0.22666666666666666,0.05333333333333334
cooperative,selfish,4,57,17,1,0.76,0.22666666666666666,0.013333333333333334
cooperative,selfish,5,58,14,3,0.7733333333333333,0.18666666666666668,0.04
cooperative,selfish,6,59,14,2,0.7866666666666666,0.18666666666666668,0.02666666666666667
cooperative,selfish,7,57,15,2,0.76,0.2,0.02666666666666667
cooperative,selfish,8,56,17,2,0.7466666666666667,0.22666666666666666,0.02666666666666667
cooperative,selfish,9,52,20,3,0.6933333333333334,0.26666666666666666,0.04
cooperative,selfless,1,24,11,39,0.32,0.14666666666666667,0.52
cooperative,selfless,10,38,12,25,0.5066666666666667,0.16,0.3333333333333333
cooperative,selfless,2,28,12,35,0.37333333333333335,0.16,0.4666666666666667
cooperative,selfless,3,35,12,28,0.4666666666666667,0.16,0.37333333333333335
cooperative,selfless,4,26,9,39,0.3466666666666667,0.12,0.52
cooperative,selfless,5,28,12,35,0.37333333333333335,0.16,0.4666666666666667
cooperative,selfless,6,39,11,25,0.52,0.14666666666666667,0.3333333333333333
cooperative,selfless,7,37,12,26,0.49333333333333335,0.16,0.3466666666666667
cooperative,selfless,8,27,11,36,0.36,0.14666666666666667,0.48
cooperative,selfless,9,30,11,32,0.4,0.14666666666666667,0.4266666666666667
cooperative,utilitarian,1,26,11,38,0.3466666666666667,0.14666666666666667,0.5066666666666667
cooperative,utilitarian,10,28,11,36,0.37333333333333335,0.14666666666666667,0.48
cooperative,utilitarian,2,35,11,29,0.4666666666666667,0.14666666666666667,0.38666666666666666
cooperative,utilitarian,3,29,12,33,0.38666666666666666,0.16,0.44
cooperative,utilitarian,4,21,12,42,0.28,0.16,0.56
cooperative,utilitarian,5,25,12,36,0.3333333333333333,0.16,0.48
cooperative,utilitarian,6,22,12,40,0.29333333333333333,0.16,0.5333333333333333
cooperative,utilitarian,7,24,11,38,0.32,0.14666666666666667,0.5066666666666667
cooperative,utilitarian,8,30,11,34,0.4,0.14666666666666667,0.4533333333333333
cooperative,utilitarian,9,35,11,28,0.4666666666666667,0.14666666666666667,0.37333333333333335
None,selfish,1,62,13,0,0.8266666666666667,0.17333333333333334,0.0
None,selfish,10,51,24,0,0.68,0.32,0.0
None,selfish,2,59,16,0,0.7866666666666666,0.21333333333333335,0.0
None,selfish,3,52,23,0,0.6933333333333334,0.30666666666666664,0.0
None,selfish,4,60,15,0,0.8,0.2,0.0
None,selfish,5,61,14,0,0.8133333333333334,0.18666666666666668,0.0
None,selfish,6,55,20,0,0.7333333333333333,0.26666666666666666,0.0
None,selfish,7,64,11,0,0.8533333333333334,0.14666666666666667,0.0
None,selfish,8,58,17,0,0.7733333333333333,0.22666666666666666,0.0
None,selfish,9,53,22,0,0.7066666666666667,0.29333333333333333,0.0
None,selfless,1,24,11,40,0.32,0.14666666666666667,0.5333333333333333
None,selfless,10,49,4,22,0.6533333333333333,0.05333333333333334,0.29333333333333333
None,selfless,2,17,11,47,0.22666666666666666,0.14666666666666667,0.6266666666666667
None,selfless,3,21,10,44,0.28,0.13333333333333333,0.5866666666666667
None,selfless,4,15,11,49,0.2,0.14666666666666667,0.6533333333333333
None,selfless,5,22,11,42,0.29333333333333333,0.14666666666666667,0.56
None,selfless,6,17,11,47,0.22666666666666666,0.14666666666666667,0.6266666666666667
None,selfless,7,26,11,38,0.3466666666666667,0.14666666666666667,0.5066666666666667
None,selfless,8,19,11,45,0.25333333333333335,0.14666666666666667,0.6
None,selfless,9,20,11,44,0.26666666666666666,0.14666666666666667,0.5866666666666667
None,utilitarian,1,20,11,44,0.26666666666666666,0.14666666666666667,0.5866666666666667
None,utilitarian,10,20,11,44,0.26666666666666666,0.14666666666666667,0.5866666666666667
None,utilitarian,2,25,11,39,0.3333333333333333,0.14666666666666667,0.52
None,utilitarian,3,22,11,42,0.29333333333333333,0.14666666666666667,0.56
None,utilitarian,4,14,11,50,0.18666666666666668,0.14666666666666667,0.6666666666666666
None,utilitarian,5,19,11,45,0.25333333333333335,0.14666666666666667,0.6
None,utilitarian,6,27,11,37,0.36,0.14666666666666667,0.49333333333333335
None,utilitarian,7,25,11,39,0.3333333333333333,0.14666666666666667,0.52
None,utilitarian,8,20,11,44,0.26666666666666666,0.14666666666666667,0.5866666666666667
None,utilitarian,9,18,11,46,0.24,0.14666666666666667,0.6133333333333333
selfish,selfish,1,58,17,0,0.7733333333333333,0.22666666666666666,0.0
selfish,selfish,10,53,22,0,0.7066666666666667,0.29333333333333333,0.0
selfish,selfish,2,63,12,0,0.84,0.16,0.0
selfish,selfish,3,56,19,0,0.7466666666666667,0.25333333333333335,0.0
selfish,selfish,4,55,20,0,0.7333333333333333,0.26666666666666666,0.0
selfish,selfish,5,57,18,0,0.76,0.24,0.0
selfish,selfish,6,51,24,0,0.68,0.32,0.0
selfish,selfish,7,53,21,0,0.7066666666666667,0.28,0.0
selfish,selfish,8,58,17,0,0.7733333333333333,0.22666666666666666,0.0
selfish,selfish,9,54,21,0,0.72,0.28,0.0
selfish,selfless,1,51,24,0,0.68,0.32,0.0
selfish,selfless,10,56,19,0,0.7466666666666667,0.25333333333333335,0.0
selfish,selfless,2,51,23,1,0.68,0.30666666666666664,0.013333333333333334
selfish,selfless,3,52,23,0,0.6933333333333334,0.30666666666666664,0.0
selfish,selfless,4,55,20,0,0.7333333333333333,0.26666666666666666,0.0
selfish,selfless,5,48,27,0,0.64,0.36,0.0
selfish,selfless,6,50,25,0,0.6666666666666666,0.3333333333333333,0.0
selfish,selfless,7,47,28,0,0.6266666666666667,0.37333333333333335,0.0
selfish,selfless,8,51,23,1,0.68,0.30666666666666664,0.013333333333333334
selfish,selfless,9,51,24,0,0.68,0.32,0.0
selfish,utilitarian,1,54,21,0,0.72,0.28,0.0
selfish,utilitarian,10,54,21,0,0.72,0.28,0.0
selfish,utilitarian,2,54,21,0,0.72,0.28,0.0
selfish,utilitarian,3,55,20,0,0.7333333333333333,0.26666666666666666,0.0
selfish,utilitarian,4,51,24,0,0.68,0.32,0.0
selfish,utilitarian,5,53,22,0,0.7066666666666667,0.29333333333333333,0.0
selfish,utilitarian,6,56,19,0,0.7466666666666667,0.25333333333333335,0.0
selfish,utilitarian,7,55,20,0,0.7333333333333333,0.26666666666666666,0.0
selfish,utilitarian,8,50,25,0,0.6666666666666666,0.3333333333333333,0.0
selfish,utilitarian,9,53,22,0,0.7066666666666667,0.29333333333333333,0.0
