task_id,model,prompt,rule_policy,seed
0,qwen3_8b,unframed,self_interested,1
1,qwen3_8b,unframed,self_interested,2
2,qwen3_8b,unframed,self_interested,3
3,qwen3_8b,unframed,self_interested,4
4,qwen3_8b,unframed,self_interested,5
5,qwen3_8b,unframed,self_interested,6
6,qwen3_8b,unframed,self_interested,7
7,qwen3_8b,unframed,self_interested,8
8,qwen3_8b,unframed,self_interested,9
9,qwen3_8b,unframed,self_interested,10
10,qwen3_8b,unframed,cooperative,1
11,qwen3_8b,unframed,cooperative,2
12,qwen3_8b,unframed,cooperative,3
13,qwen3_8b,unframed,cooperative,4
14,qwen3_8b,unframed,cooperative,5
15,qwen3_8b,unframed,cooperative,6
16,qwen3_8b,unframed,cooperative,7
17,qwen3_8b,unframed,cooperative,8
18,qwen3_8b,unframed,cooperative,9
19,qwen3_8b,unframed,cooperative,10
20,qwen3_8b,unframed,altruistic,1
21,qwen3_8b,unframed,altruistic,2
22,qwen3_8b,unframed,altruistic,3
23,qwen3_8b,unframed,altruistic,4
24,qwen3_8b,unframed,altruistic,5
25,qwen3_8b,unframed,altruistic,6
26,qwen3_8b,unframed,altruistic,7
27,qwen3_8b,unframed,altruistic,8
28,qwen3_8b,unframed,altruistic,9
29,qwen3_8b,unframed,altruistic,10
30,qwen3_8b,self_interested,self_interested,1
31,qwen3_8b,self_interested,self_interested,2
32,qwen3_8b,self_interested,self_interested,3
33,qwen3_8b,self_interested,self_interested,4
34,qwen3_8b,self_interested,self_interested,5
35,qwen3_8b,self_interested,self_interested,6
36,qwen3_8b,self_interested,self_interested,7
37,qwen3_8b,self_interested,self_interested,8
38,qwen3_8b,self_interested,self_interested,9
39,qwen3_8b,self_interested,self_interested,10
40,qwen3_8b,self_interested,cooperative,1
41,qwen3_8b,self_interested,cooperative,2
42,qwen3_8b,self_interested,cooperative,3
43,qwen3_8b,self_interested,cooperative,4
44,qwen3_8b,self_interested,cooperative,5
45,qwen3_8b,self_interested,cooperative,6
46,qwen3_8b,self_interested,cooperative,7
47,qwen3_8b,self_interested,cooperative,8
48,qwen3_8b,self_interested,cooperative,9
49,qwen3_8b,self_interested,cooperative,10
50,qwen3_8b,self_interested,altruistic,1
51,qwen3_8b,self_interested,altruistic,2
52,qwen3_8b,self_interested,altruistic,3
53,qwen3_8b,self_interested,altruistic,4
54,qwen3_8b,self_interested,altruistic,5
55,qwen3_8b,self_interested,altruistic,6
56,qwen3_8b,self_interested,altruistic,7
57,qwen3_8b,self_interested,altruistic,8
58,qwen3_8b,self_interested,altruistic,9
59,qwen3_8b,self_interested,altruistic,10
60,qwen3_8b,cooperative,self_interested,1
61,qwen3_8b,cooperative,self_interested,2
62,qwen3_8b,cooperative,self_interested,3
63,qwen3_8b,cooperative,self_interested,4
64,qwen3_8b,cooperative,self_interested,5
65,qwen3_8b,cooperative,self_interested,6
66,qwen3_8b,cooperative,self_interested,7
67,qwen3_8b,cooperative,self_interested,8
68,qwen3_8b,cooperative,self_interested,9
69,qwen3_8b,cooperative,self_interested,10
70,qwen3_8b,cooperative,cooperative,1
71,qwen3_8b,cooperative,cooperative,2
72,qwen3_8b,cooperative,cooperative,3
73,qwen3_8b,cooperative,cooperative,4
74,qwen3_8b,cooperative,cooperative,5
75,qwen3_8b,cooperative,cooperative,6
76,qwen3_8b,cooperative,cooperative,7
77,qwen3_8b,cooperative,cooperative,8
78,qwen3_8b,cooperative,cooperative,9
79,qwen3_8b,cooperative,cooperative,10
80,qwen3_8b,cooperative,altruistic,1
81,qwen3_8b,cooperative,altruistic,2
82,qwen3_8b,cooperative,altruistic,3
83,qwen3_8b,cooperative,altruistic,4
84,qwen3_8b,cooperative,altruistic,5
85,qwen3_8b,cooperative,altruistic,6
86,qwen3_8b,cooperative,altruistic,7
87,qwen3_8b,cooperative,altruistic,8
88,qwen3_8b,cooperative,altruistic,9
89,qwen3_8b,cooperative,altruistic,10
90,qwen3_8b,altruistic,self_interested,1
91,qwen3_8b,altruistic,self_interested,2
92,qwen3_8b,altruistic,self_interested,3
93,qwen3_8b,altruistic,self_interested,4
94,qwen3_8b,altruistic,self_interested,5
95,qwen3_8b,altruistic,self_interested,6
96,qwen3_8b,altruistic,self_interested,7
97,qwen3_8b,altruistic,self_interested,8
98,qwen3_8b,altruistic,self_interested,9
99,qwen3_8b,altruistic,self_interested,10
100,qwen3_8b,altruistic,cooperative,1
101,qwen3_8b,altruistic,cooperative,2
102,qwen3_8b,altruistic,cooperative,3
103,qwen3_8b,altruistic,cooperative,4
104,qwen3_8b,altruistic,cooperative,5
105,qwen3_8b,altruistic,cooperative,6
106,qwen3_8b,altruistic,cooperative,7
107,qwen3_8b,altruistic,cooperative,8
108,qwen3_8b,altruistic,cooperative,9
109,qwen3_8b,altruistic,cooperative,10
110,qwen3_8b,altruistic,altruistic,1
111,qwen3_8b,altruistic,altruistic,2
112,qwen3_8b,altruistic,altruistic,3
113,qwen3_8b,altruistic,altruistic,4
114,qwen3_8b,altruistic,altruistic,5
115,qwen3_8b,altruistic,altruistic,6
116,qwen3_8b,altruistic,altruistic,7
117,qwen3_8b,altruistic,altruistic,8
118,qwen3_8b,altruistic,altruistic,9
119,qwen3_8b,altruistic,altruistic,10
