task_id,rule_policy,seed
0,self_interested,1
1,self_interested,2
2,self_interested,3
3,self_interested,4
4,self_interested,5
5,self_interested,6
6,self_interested,7
7,self_interested,8
8,self_interested,9
9,self_interested,10
10,cooperative,1
11,cooperative,2
12,cooperative,3
13,cooperative,4
14,cooperative,5
15,cooperative,6
16,cooperative,7
17,cooperative,8
18,cooperative,9
19,cooperative,10
20,altruistic,1
21,altruistic,2
22,altruistic,3
23,altruistic,4
24,altruistic,5
25,altruistic,6
26,altruistic,7
27,altruistic,8
28,altruistic,9
29,altruistic,10
