n,mean_a,mean_b,mean_difference,cohen_dz,permutation_p_raw,num_llm_agents,num_rule_agents,rule_policy,prompt_a,prompt_b,permutation_p_holm,significant_holm
10,0.03333333333333333,0.03333333333333333,0.0,0.0,1.0,1,3,self_interested,unframed,self_interested,1.0,False
10,0.03333333333333333,0.0,0.03333333333333333,0.316227766016838,1.0,1,3,self_interested,unframed,cooperative,1.0,False
10,0.03333333333333333,-0.7,0.7333333333333333,1.4200938936093863,0.015625,1,3,self_interested,unframed,altruistic,0.09375,False
10,0.03333333333333333,0.0,0.03333333333333333,0.316227766016838,1.0,1,3,self_interested,self_interested,cooperative,1.0,False
10,0.03333333333333333,-0.7,0.7333333333333333,1.4200938936093863,0.015625,1,3,self_interested,self_interested,altruistic,0.09375,False
10,0.0,-0.7,0.7,1.449137674618944,0.015625,1,3,self_interested,cooperative,altruistic,0.09375,False
10,0.4333333333333333,0.3,0.1333333333333333,0.2656844656620285,0.546875,1,3,cooperative,unframed,self_interested,1.0,False
10,0.4333333333333333,0.0,0.4333333333333333,0.9719673332444922,0.03125,1,3,cooperative,unframed,cooperative,0.1875,False
10,0.4333333333333333,0.0,0.4333333333333333,0.9719673332444922,0.03125,1,3,cooperative,unframed,altruistic,0.1875,False
10,0.3,0.0,0.3,1.0278724332962892,0.03125,1,3,cooperative,self_interested,cooperative,0.1875,False
10,0.3,0.0,0.3,1.0278724332962892,0.03125,1,3,cooperative,self_interested,altruistic,0.1875,False
10,0.0,0.0,0.0,0.0,1.0,1,3,cooperative,cooperative,altruistic,1.0,False
10,0.2,0.4666666666666668,-0.2666666666666667,-0.474341649025257,0.234375,1,3,altruistic,unframed,self_interested,0.703125,False
10,0.2,5.551115123125783e-18,0.2,0.4743416490252569,0.25,1,3,altruistic,unframed,cooperative,0.703125,False
10,0.2,-0.16666666666666669,0.36666666666666664,0.6895983262221452,0.09375,1,3,altruistic,unframed,altruistic,0.375,False
10,0.4666666666666668,5.551115123125783e-18,0.4666666666666667,1.037116076482069,0.015625,1,3,altruistic,self_interested,cooperative,0.078125,False
10,0.4666666666666668,-0.16666666666666669,0.6333333333333334,1.5870112322106582,0.0078125,1,3,altruistic,self_interested,altruistic,0.046875,True
10,5.551115123125783e-18,-0.16666666666666669,0.16666666666666669,0.33129457822453967,0.4375,1,3,altruistic,cooperative,altruistic,0.703125,False
10,0.0,0.0,0.0,0.0,1.0,2,2,self_interested,unframed,self_interested,1.0,False
10,0.0,-0.3,0.3,0.7115124735378854,0.125,2,2,self_interested,unframed,cooperative,0.5,False
10,0.0,-0.35,0.35,1.037116076482069,0.03125,2,2,self_interested,unframed,altruistic,0.1875,False
10,0.0,-0.3,0.3,0.7115124735378854,0.125,2,2,self_interested,self_interested,cooperative,0.5,False
10,0.0,-0.35,0.35,1.037116076482069,0.03125,2,2,self_interested,self_interested,altruistic,0.1875,False
10,-0.3,-0.35,0.05,0.10056022847309863,1.0,2,2,self_interested,cooperative,altruistic,1.0,False
10,0.3,0.35,-0.05,-0.11420804814403215,1.0,2,2,cooperative,unframed,self_interested,1.0,False
10,0.3,0.05,0.25,0.7071067811865475,0.125,2,2,cooperative,unframed,cooperative,0.625,False
10,0.3,-0.05,0.35,0.7378647873726217,0.09375,2,2,cooperative,unframed,altruistic,0.5625,False
10,0.35,0.05,0.3,0.7115124735378854,0.125,2,2,cooperative,self_interested,cooperative,0.625,False
10,0.35,-0.05,0.4,0.6507913734559684,0.125,2,2,cooperative,self_interested,altruistic,0.625,False
10,0.05,-0.05,0.1,0.2176428750330035,0.75,2,2,cooperative,cooperative,altruistic,1.0,False
10,0.5,0.4,0.1,0.253546276418555,0.75,2,2,altruistic,unframed,self_interested,1.0,False
10,0.5,-0.1,0.6,1.305857250198021,0.0078125,2,2,altruistic,unframed,cooperative,0.046875,True
10,0.5,0.05,0.45,1.2197356689220893,0.015625,2,2,altruistic,unframed,altruistic,0.078125,False
10,0.4,-0.1,0.5,1.0606601717798212,0.015625,2,2,altruistic,self_interested,cooperative,0.078125,False
10,0.4,0.05,0.35,1.0371160764820688,0.03125,2,2,altruistic,self_interested,altruistic,0.09375,False
10,-0.1,0.05,-0.15,-0.44447831849231534,0.5,2,2,altruistic,cooperative,altruistic,1.0,False
