analysis,effect,sum_sq,df,F,PR(>F),partial_eta_squared
combined,C(prompt),1.8235096128658792,3.0,73.8107214789584,1.6720124179150389e-32,0.5168429983027122
combined,C(rule_policy),0.9427961942124979,2.0,57.242747840309,1.6282741508730693e-20,0.35611403070686093
combined,C(num_llm_agents),0.01824912355549257,1.0,2.216025020903413,0.1381062015141068,0.010592042462722457
combined,C(seed),0.043552556077232484,9.0,0.5876297669125157,0.8064941417908991,0.024912624656200585
combined,C(prompt):C(rule_policy),4.042215584958098,6.0,81.8089596550955,6.4942998625989574e-52,0.7033762480353459
combined,C(prompt):C(num_llm_agents),0.5429973526139392,3.0,21.979059542554268,2.1372352815061766e-12,0.241583718858666
combined,C(rule_policy):C(num_llm_agents),0.5120687954106246,2.0,31.090733196123235,1.5604765535486087e-12,0.23100203452208237
combined,C(prompt):C(rule_policy):C(num_llm_agents),0.3288098838811322,6.0,6.6546659769278556,1.8778546450071908e-06,0.16169894273127128
combined,Residual,1.704659712933634,207.0,,,
