rule_policy,prompt,num_llm_agents,metric,count,mean,std
self_interested,unframed,1,time_averaged_gini_wellbeing,10,0.10073306155905137,0.021503470483744805
self_interested,unframed,2,time_averaged_gini_wellbeing,10,0.06743245017122597,0.018768789664906
self_interested,unframed,3,time_averaged_gini_wellbeing,10,0.08359328807790414,0.022628375062611967
self_interested,self_interested,1,time_averaged_gini_wellbeing,10,0.09765241425986619,0.04987123515704109
self_interested,self_interested,2,time_averaged_gini_wellbeing,10,0.08567453668997604,0.038601060455726664
self_interested,self_interested,3,time_averaged_gini_wellbeing,10,0.09209481279826329,0.03232940668519327
self_interested,cooperative,1,time_averaged_gini_wellbeing,10,0.11224468532426028,0.02752415704212319
self_interested,cooperative,2,time_averaged_gini_wellbeing,10,0.3332351644209889,0.041018693135159025
self_interested,cooperative,3,time_averaged_gini_wellbeing,10,0.4238744076533446,0.0373146481404941
self_interested,altruistic,1,time_averaged_gini_wellbeing,10,0.21373545926610396,0.012045473156803833
self_interested,altruistic,2,time_averaged_gini_wellbeing,10,0.34431073022750336,0.026309259956331897
self_interested,altruistic,3,time_averaged_gini_wellbeing,10,0.40445806951933383,0.033685534726450805
self_interested,unframed,1,time_averaged_minimum_wellbeing,10,32.18555555555554,8.750332229632416
self_interested,unframed,2,time_averaged_minimum_wellbeing,10,39.22444444444444,8.59484134048084
self_interested,unframed,3,time_averaged_minimum_wellbeing,10,36.74333333333332,6.016719845187519
self_interested,self_interested,1,time_averaged_minimum_wellbeing,10,32.17533333333331,9.389903777422084
self_interested,self_interested,2,time_averaged_minimum_wellbeing,10,33.00999999999998,9.55651222601248
self_interested,self_interested,3,time_averaged_minimum_wellbeing,10,36.06666666666665,8.983623265055694
self_interested,cooperative,1,time_averaged_minimum_wellbeing,10,30.404444444444426,7.829183210231387
self_interested,cooperative,2,time_averaged_minimum_wellbeing,10,8.413111111111098,2.881862575960467
self_interested,cooperative,3,time_averaged_minimum_wellbeing,10,6.663333333333327,1.3718467522503384
self_interested,altruistic,1,time_averaged_minimum_wellbeing,10,7.780222222222212,1.846480640152543
self_interested,altruistic,2,time_averaged_minimum_wellbeing,10,7.951555555555549,1.830223565316482
self_interested,altruistic,3,time_averaged_minimum_wellbeing,10,7.1751111111111054,1.5418901695401492
cooperative,unframed,1,time_averaged_gini_wellbeing,10,0.39381143290896486,0.03634576882713332
cooperative,unframed,2,time_averaged_gini_wellbeing,10,0.32226739779924024,0.03608328578914823
cooperative,unframed,3,time_averaged_gini_wellbeing,10,0.10530830557847078,0.0255915801315653
cooperative,self_interested,1,time_averaged_gini_wellbeing,10,0.40333147486284765,0.045542633226351485
cooperative,self_interested,2,time_averaged_gini_wellbeing,10,0.3155521863562015,0.04972881213385081
cooperative,self_interested,3,time_averaged_gini_wellbeing,10,0.10249136280742088,0.02862480547711123
cooperative,cooperative,1,time_averaged_gini_wellbeing,10,0.11907388530031138,0.012433177878363141
cooperative,cooperative,2,time_averaged_gini_wellbeing,10,0.1167245632161796,0.007250669779572248
cooperative,cooperative,3,time_averaged_gini_wellbeing,10,0.1424913719921198,0.04238248686834856
cooperative,altruistic,1,time_averaged_gini_wellbeing,10,0.1294061450786267,0.031047609839701396
cooperative,altruistic,2,time_averaged_gini_wellbeing,10,0.13569972492728727,0.02160651331547821
cooperative,altruistic,3,time_averaged_gini_wellbeing,10,0.15437812696393843,0.04906011644252053
cooperative,unframed,1,time_averaged_minimum_wellbeing,10,7.562888888888883,2.283253051966454
cooperative,unframed,2,time_averaged_minimum_wellbeing,10,8.996444444444439,4.438081890208597
cooperative,unframed,3,time_averaged_minimum_wellbeing,10,29.611111111111104,6.1439521603075775
cooperative,self_interested,1,time_averaged_minimum_wellbeing,10,7.2873333333333274,1.7384637748012737
cooperative,self_interested,2,time_averaged_minimum_wellbeing,10,10.055111111111106,4.637243019919135
cooperative,self_interested,3,time_averaged_minimum_wellbeing,10,32.862222222222215,7.767642779403705
cooperative,cooperative,1,time_averaged_minimum_wellbeing,10,7.459999999999994,0.5955067236291438
cooperative,cooperative,2,time_averaged_minimum_wellbeing,10,7.413333333333327,0.6288840901967595
cooperative,cooperative,3,time_averaged_minimum_wellbeing,10,6.963777777777773,1.2046007142030235
cooperative,altruistic,1,time_averaged_minimum_wellbeing,10,7.193111111111106,0.9945820030385499
cooperative,altruistic,2,time_averaged_minimum_wellbeing,10,6.989111111111105,0.8601543549871101
cooperative,altruistic,3,time_averaged_minimum_wellbeing,10,6.792222222222216,1.1925577404615273
altruistic,unframed,1,time_averaged_gini_wellbeing,10,0.4033203188226951,0.017382832679359205
altruistic,unframed,2,time_averaged_gini_wellbeing,10,0.3547516164814105,0.018719109127428888
altruistic,unframed,3,time_averaged_gini_wellbeing,10,0.2521485909458644,0.03663353247053317
altruistic,self_interested,1,time_averaged_gini_wellbeing,10,0.4384226213794616,0.04519160722259561
altruistic,self_interested,2,time_averaged_gini_wellbeing,10,0.35030952617686706,0.02173070132777626
altruistic,self_interested,3,time_averaged_gini_wellbeing,10,0.23518040570308285,0.01556278238454385
altruistic,cooperative,1,time_averaged_gini_wellbeing,10,0.15124305107446712,0.049604895191266936
altruistic,cooperative,2,time_averaged_gini_wellbeing,10,0.12297732009760806,0.010387568490933983
altruistic,cooperative,3,time_averaged_gini_wellbeing,10,0.12143098876570224,0.02223703460263854
altruistic,altruistic,1,time_averaged_gini_wellbeing,10,0.1285231787021635,0.016957274023450847
altruistic,altruistic,2,time_averaged_gini_wellbeing,10,0.11807243873235987,0.00990949037532195
altruistic,altruistic,3,time_averaged_gini_wellbeing,10,0.12902274738541342,0.02511496691638948
altruistic,unframed,1,time_averaged_minimum_wellbeing,10,7.346222222222218,0.5242045904748425
altruistic,unframed,2,time_averaged_minimum_wellbeing,10,7.615333333333328,1.4353168207254232
altruistic,unframed,3,time_averaged_minimum_wellbeing,10,6.702666666666663,2.328652282769292
altruistic,self_interested,1,time_averaged_minimum_wellbeing,10,6.294666666666662,1.8205280290417793
altruistic,self_interested,2,time_averaged_minimum_wellbeing,10,7.806888888888883,1.3867796131589376
altruistic,self_interested,3,time_averaged_minimum_wellbeing,10,5.50933333333333,2.076727350506124
altruistic,cooperative,1,time_averaged_minimum_wellbeing,10,6.742888888888883,0.9422536973545532
altruistic,cooperative,2,time_averaged_minimum_wellbeing,10,7.0977777777777735,0.5307499159218299
altruistic,cooperative,3,time_averaged_minimum_wellbeing,10,7.41155555555555,0.8359624698685971
altruistic,altruistic,1,time_averaged_minimum_wellbeing,10,7.141999999999994,0.5074473625793643
altruistic,altruistic,2,time_averaged_minimum_wellbeing,10,7.592222222222217,0.35253539841136333
altruistic,altruistic,3,time_averaged_minimum_wellbeing,10,7.287333333333327,0.8604149635292382
