prompt,rule_policy,n,mean_1_3,mean_2_2,mean_difference_1_3_minus_2_2,median_difference_1_3_minus_2_2,cohen_dz,permutation_p_raw,any_sharing_1_3,any_sharing_2_2,permutation_p_holm,significant_holm
unframed,self_interested,10,0.0,0.0,0.0,0.0,0.0,1.0,0.0,0.0,1.0,False
self_interested,self_interested,10,0.00133333333333333,0.00066666666666666,0.0006666666666666699,0.0,0.1355261854357889,1.0,0.1,0.1,1.0,False
cooperative,self_interested,10,0.04399999999999996,0.5041314626177206,-0.4601314626177205,-0.49,-4.493967035963312,0.001953125,1.0,1.0,0.0234375,True
altruistic,self_interested,10,0.16254361761426978,0.47241864030390823,-0.3098750226896384,-0.2976500144592249,-2.6726857119063196,0.001953125,1.0,1.0,0.0234375,True
unframed,cooperative,10,0.009333333333333318,0.00333333333333332,0.006,0.0,0.3252775971988814,0.5,0.3,0.3,1.0,False
self_interested,cooperative,10,0.0,0.0,0.0,0.0,0.0,1.0,0.0,0.0,1.0,False
cooperative,cooperative,10,0.5933333333333334,0.5406666666666667,0.052666666666666626,0.039999999999999925,0.9953942267302266,0.005859375,1.0,1.0,0.05859375,False
altruistic,cooperative,10,0.5561904761904762,0.5095388471177944,0.04665162907268171,0.033333333333333326,0.9877386122559713,0.01171875,1.0,1.0,0.10546875,False
unframed,altruistic,10,0.00133333333333333,0.00866666666666661,-0.00733333333333328,-0.0066666666666666,-0.8549108042488803,0.03125,0.1,0.9,0.25,False
self_interested,altruistic,10,0.0,0.00066666666666666,-0.00066666666666666,0.0,-0.31622776601683794,1.0,0.0,0.1,1.0,False
cooperative,altruistic,10,0.5505383022774326,0.5302758620689655,0.020262440208467153,0.02999999999999997,0.37515000631596074,0.263671875,1.0,1.0,1.0,False
altruistic,altruistic,10,0.5398690476190476,0.5773333333333333,-0.037464285714285714,-0.04333333333333339,-0.451498654723092,0.1875,1.0,1.0,1.0,False
