prompt,rule_policy,group_a,group_b,n_pairs,mean_a,mean_b,mean_difference,t,p_raw,p_holm,significant_holm,p_permutation_raw,p_permutation_holm,significant_permutation_holm,difference_shapiro_W,difference_shapiro_p,cohens_dz
unframed,altruistic,1,2,10,97.4166666666667,146.41666666666669,-49.0,-4.37089157275654,0.001794757819099886,0.019742336010098744,True,0.00390625,0.046875,True,0.9194630657168497,0.3524984198945199,-1.3821972775546243
unframed,cooperative,1,2,10,77.00000000000003,154.00000000000006,-77.00000000000006,-5.174812897544225,0.0005833889452608054,0.007000667343129665,True,0.00390625,0.046875,True,0.9738211712076968,0.923837357802523,-1.6364195221455302
unframed,self_interested,1,2,10,191.33333333333331,221.66666666666666,-30.333333333333364,-1.3663199903565277,0.2050000781282622,1.0,False,0.216796875,1.0,False,0.9747722723919053,0.931226685525462,-0.4320683182145923
self_interested,altruistic,1,2,10,86.3333333333334,143.50000000000009,-57.16666666666667,-3.4048217513987744,0.007813422027082526,0.07066722791550806,False,0.01171875,0.09375,False,0.9660881086631637,0.8523973822320835,-1.076699176130372
self_interested,cooperative,1,2,10,92.16666666666671,144.6666666666667,-52.500000000000014,-3.4683862198862703,0.007066722791550806,0.07066722791550806,False,0.0078125,0.0703125,False,0.893519111024468,0.18571236184462586,-1.0968000259982205
self_interested,self_interested,1,2,10,181.4166666666666,186.0833333333333,-4.66666666666664,-0.2200446246849101,0.830746537906978,1.0,False,0.890625,1.0,False,0.9404441085970625,0.5579656384459131,-0.06958422008812268
cooperative,altruistic,1,2,10,29.166666666666647,35.58333333333331,-6.416666666666659,-1.4923115844322425,0.1698158852722533,1.0,False,0.21875,1.0,False,0.9761179805143435,0.9410694600631679,-0.47191035854605584
cooperative,cooperative,1,2,10,36.16666666666664,35.58333333333331,0.5833333333333346,0.2075143391598229,0.8402276669135287,1.0,False,1.0,1.0,False,0.7142495976110217,0.0013114525666678928,0.06562179588897123
cooperative,self_interested,1,2,10,213.5,164.50000000000009,48.999999999999936,2.8062430400804432,0.020502476531930373,0.164019812255443,False,0.00390625,0.046875,True,0.8082926240262781,0.018281951716492523,0.8874119674649383
altruistic,altruistic,1,2,10,36.16666666666664,37.91666666666664,-1.749999999999997,-0.8955334711889882,0.3938228146915625,1.0,False,0.5625,1.0,False,0.7304823798368614,0.002065286565292051,-0.28319254898739804
altruistic,cooperative,1,2,10,35.58333333333331,29.74999999999998,5.833333333333334,1.4638501094228007,0.17726770250560803,1.0,False,0.25,1.0,False,0.9423006675588995,0.5788861891408548,0.462910049886276
altruistic,self_interested,1,2,10,200.08333333333348,153.41666666666674,46.66666666666675,2.153527608232657,0.05969301047450447,0.41785107332153126,False,0.068359375,0.478515625,False,0.9811570798441762,0.9710578380612704,0.6810052246069972
