,sum_sq,df,F,PR(>F),partial_eta_sq
C(prompt),10601.120960041128,3.0,203.32071977923206,2.408851582827938e-73,0.6594455277764547
C(rule_policy),16538.989617860174,2.0,475.80618401577954,6.569398718017709e-96,0.7513051285852032
C(num_llm_agents),662.0275632098575,2.0,19.04571052055005,1.5548325139191428e-08,0.10787976929257148
C(seed),831.0199378463689,9.0,5.312758042308038,9.214252323072019e-07,0.13178850320120308
C(prompt):C(rule_policy),9329.780932592583,6.0,89.46873551143405,4.556910628962562e-65,0.6302002704266413
C(prompt):C(num_llm_agents),3207.845757942381,6.0,30.761912391341625,5.023775992662912e-29,0.36945959452332433
C(rule_policy):C(num_llm_agents),3085.4714851028775,4.0,44.382590688337416,1.5396324067283324e-29,0.3604455200709193
C(prompt):C(rule_policy):C(num_llm_agents),3908.6620539917767,12.0,18.741225224834537,1.6260513452152806e-30,0.4165528973967492
Residual,5474.6889643758595,315.0,,,
